Domain Code,Domain,Area Code (M49),Area,Element Code,Element,Item Code (CPC),Item,Year Code,Year,Unit,Value,Flag,Flag Description,Note
"QCL","Crops and livestock products","356","India","5312","Area harvested","01654","Anise, badian, coriander, cumin, caraway, fennel and juniper berries, raw","2022","2022","ha","1859516","I","Value imputed by a receiving agency",""
"QCL","Crops and livestock products","356","India","5412","Yield","01654","Anise, badian, coriander, cumin, caraway, fennel and juniper berries, raw","2022","2022","kg/ha","1009.4","E","Estimated value",""
"QCL","Crops and livestock products","356","India","5510","Production","01654","Anise, badian, coriander, cumin, caraway, fennel and juniper berries, raw","2022","2022","t","1876972.48","I","Value imputed by a receiving agency",""
"QCL","Crops and livestock products","356","India","5312","Area harvested","01654","Anise, badian, coriander, cumin, caraway, fennel and juniper berries, raw","2023","2023","ha","1910082","I","Value imputed by a receiving agency",""
"QCL","Crops and livestock products","356","India","5412","Yield","01654","Anise, badian, coriander, cumin, caraway, fennel and juniper berries, raw","2023","2023","kg/ha","1026.4","E","Estimated value",""
"QCL","Crops and livestock products","356","India","5510","Production","01654","Anise, badian, coriander, cumin, caraway, fennel and juniper berries, raw","2023","2023","t","1960504.49","I","Value imputed by a receiving agency",""
"QCL","Crops and livestock products","356","India","5312","Area harvested","01341","Apples","2022","2022","ha","315000","A","Official figure",""
"QCL","Crops and livestock products","356","India","5412","Yield","01341","Apples","2022","2022","kg/ha","8219","A","Official figure",""
"QCL","Crops and livestock products","356","India","5510","Production","01341","Apples","2022","2022","t","2589000","A","Official figure",""
"QCL","Crops and livestock products","356","India","5312","Area harvested","01341","Apples","2023","2023","ha","304000","A","Official figure",""
"QCL","Crops and livestock products","356","India","5412","Yield","01341","Apples","2023","2023","kg/ha","9460.5","A","Official figure",""
"QCL","Crops and livestock products","356","India","5510","Production","01341","Apples","2023","2023","t","2876000","A","Official figure",""
"QCL","Crops and livestock products","356","India","5312","Area harvested","01343","Apricots","2022","2022","ha","5361","I","Value imputed by a receiving agency",""
"QCL","Crops and livestock products","356","India","5412","Yield","01343","Apricots","2022","2022","kg/ha","2806.5","E","Estimated value",""
"QCL","Crops and livestock products","356","India","5510","Production","01343","Apricots","2022","2022","t","15046.34","I","Value imputed by a receiving agency",""
"QCL","Crops and livestock products","356","India","5312","Area harvested","01343","Apricots","2023","2023","ha","5323","E","Estimated value",""
"QCL","Crops and livestock products","356","India","5412","Yield","01343","Apricots","2023","2023","kg/ha","2846.8","E","Estimated value",""
"QCL","Crops and livestock products","356","India","5510","Production","01343","Apricots","2023","2023","t","15155.18","I","Value imputed by a receiving agency",""
"QCL","Crops and livestock products","356","India","5312","Area harvested","01379.01","Areca nuts","2022","2022","ha","849000","A","Official figure",""
"QCL","Crops and livestock products","356","India","5412","Yield","01379.01","Areca nuts","2022","2022","kg/ha","1962.3","A","Official figure",""
"QCL","Crops and livestock products","356","India","5510","Production","01379.01","Areca nuts","2022","2022","t","1666000","A","Official figure",""
"QCL","Crops and livestock products","356","India","5312","Area harvested","01379.01","Areca nuts","2023","2023","ha","938000","A","Official figure",""
"QCL","Crops and livestock products","356","India","5412","Yield","01379.01","Areca nuts","2023","2023","kg/ha","1459.5","A","Official figure",""
"QCL","Crops and livestock products","356","India","5510","Production","01379.01","Areca nuts","2023","2023","t","1369000","A","Official figure",""
"QCL","Crops and livestock products","356","India","5312","Area harvested","01312","Bananas","2022","2022","ha","963000","A","Official figure",""
"QCL","Crops and livestock products","356","India","5412","Yield","01312","Bananas","2022","2022","kg/ha","35854.6","A","Official figure",""
"QCL","Crops and livestock products","356","India","5510","Production","01312","Bananas","2022","2022","t","34528000","A","Official figure",""
"QCL","Crops and livestock products","356","India","5312","Area harvested","01312","Bananas","2023","2023","ha","994000","A","Official figure",""
"QCL","Crops and livestock products","356","India","5412","Yield","01312","Bananas","2023","2023","kg/ha","36835","A","Official figure",""
"QCL","Crops and livestock products","356","India","5510","Production","01312","Bananas","2023","2023","t","36614000","A","Official figure",""
"QCL","Crops and livestock products","356","India","5312","Area harvested","0115","Barley","2022","2022","ha","453320","A","Official figure",""
"QCL","Crops and livestock products","356","India","5412","Yield","0115","Barley","2022","2022","kg/ha","3025.1","A","Official figure",""
"QCL","Crops and livestock products","356","India","5510","Production","0115","Barley","2022","2022","t","1371360","A","Official figure",""
"QCL","Crops and livestock products","356","India","5312","Area harvested","0115","Barley","2023","2023","ha","628325","A","Official figure",""
"QCL","Crops and livestock products","356","India","5412","Yield","0115","Barley","2023","2023","kg/ha","3044.5","A","Official figure",""
"QCL","Crops and livestock products","356","India","5510","Production","0115","Barley","2023","2023","t","1912919.44","A","Official figure",""
"QCL","Crops and livestock products","356","India","5312","Area harvested","01701","Beans, dry","2022","2022","ha","15872760","I","Value imputed by a receiving agency",""
"QCL","Crops and livestock products","356","India","5412","Yield","01701","Beans, dry","2022","2022","kg/ha","416.4","E","Estimated value",""
"QCL","Crops and livestock products","356","India","5510","Production","01701","Beans, dry","2022","2022","t","6610000","A","Official figure",""
"QCL","Crops and livestock products","356","India","5312","Area harvested","01701","Beans, dry","2023","2023","ha","15562796","I","Value imputed by a receiving agency",""
"QCL","Crops and livestock products","356","India","5412","Yield","01701","Beans, dry","2023","2023","kg/ha","417.1","E","Estimated value",""
"QCL","Crops and livestock products","356","India","5510","Production","01701","Beans, dry","2023","2023","t","6491362.24","I","Value imputed by a receiving agency",""
"QCL","Crops and livestock products","356","India","5510","Production","24310.01","Beer of barley, malted","2022","2022","t","2551700","X","Figure from external organization","Unofficial figure"
"QCL","Crops and livestock products","356","India","5312","Area harvested","01212","Cabbages","2022","2022","ha","423000","A","Official figure",""
"QCL","Crops and livestock products","356","India","5412","Yield","01212","Cabbages","2022","2022","kg/ha","23227","A","Official figure",""
"QCL","Crops and livestock products","356","India","5510","Production","01212","Cabbages","2022","2022","t","9825000","A","Official figure",""
"QCL","Crops and livestock products","356","India","5312","Area harvested","01212","Cabbages","2023","2023","ha","433000","A","Official figure",""
"QCL","Crops and livestock products","356","India","5412","Yield","01212","Cabbages","2023","2023","kg/ha","23207.9","A","Official figure",""
"QCL","Crops and livestock products","356","India","5510","Production","01212","Cabbages","2023","2023","t","10049000","A","Official figure",""
"QCL","Crops and livestock products","356","India","5312","Area harvested","01229","Cantaloupes and other melons","2022","2022","ha","68000","A","Official figure",""
"QCL","Crops and livestock products","356","India","5412","Yield","01229","Cantaloupes and other melons","2022","2022","kg/ha","22029.4","A","Official figure",""
"QCL","Crops and livestock products","356","India","5510","Production","01229","Cantaloupes and other melons","2022","2022","t","1498000","A","Official figure",""
"QCL","Crops and livestock products","356","India","5312","Area harvested","01229","Cantaloupes and other melons","2023","2023","ha","68000","A","Official figure",""
"QCL","Crops and livestock products","356","India","5412","Yield","01229","Cantaloupes and other melons","2023","2023","kg/ha","22029.4","A","Official figure",""
"QCL","Crops and livestock products","356","India","5510","Production","01229","Cantaloupes and other melons","2023","2023","t","1498000","A","Official figure",""
"QCL","Crops and livestock products","356","India","5312","Area harvested","01251","Carrots and turnips","2022","2022","ha","","M","Missing value; data cannot exist",""
"QCL","Crops and livestock products","356","India","5510","Production","01251","Carrots and turnips","2022","2022","t","","M","Missing value; data cannot exist",""
"QCL","Crops and livestock products","356","India","5312","Area harvested","01251","Carrots and turnips","2023","2023","ha","","M","Missing value; data cannot exist",""
"QCL","Crops and livestock products","356","India","5510","Production","01251","Carrots and turnips","2023","2023","t","","M","Missing value; data cannot exist",""
"QCL","Crops and livestock products","356","India","5312","Area harvested","01372","Cashew nuts, in shell","2022","2022","ha","1184000","A","Official figure",""
"QCL","Crops and livestock products","356","India","5412","Yield","01372","Cashew nuts, in shell","2022","2022","kg/ha","635.1","A","Official figure",""
"QCL","Crops and livestock products","356","India","5510","Production","01372","Cashew nuts, in shell","2022","2022","t","752000","A","Official figure",""
"QCL","Crops and livestock products","356","India","5312","Area harvested","01372","Cashew nuts, in shell","2023","2023","ha","1195000","A","Official figure",""
"QCL","Crops and livestock products","356","India","5412","Yield","01372","Cashew nuts, in shell","2023","2023","kg/ha","654.4","A","Official figure",""
"QCL","Crops and livestock products","356","India","5510","Production","01372","Cashew nuts, in shell","2023","2023","t","782000","A","Official figure",""
"QCL","Crops and livestock products","356","India","5312","Area harvested","01520.01","Cassava, fresh","2022","2022","ha","172000","A","Official figure",""
"QCL","Crops and livestock products","356","India","5412","Yield","01520.01","Cassava, fresh","2022","2022","kg/ha","36122.1","A","Official figure",""
"QCL","Crops and livestock products","356","India","5510","Production","01520.01","Cassava, fresh","2022","2022","t","6213000","A","Official figure",""
"QCL","Crops and livestock products","356","India","5312","Area harvested","01520.01","Cassava, fresh","2023","2023","ha","166000","A","Official figure",""
"QCL","Crops and livestock products","356","India","5412","Yield","01520.01","Cassava, fresh","2023","2023","kg/ha","35771.1","A","Official figure",""
"QCL","Crops and livestock products","356","India","5510","Production","01520.01","Cassava, fresh","2023","2023","t","5938000","A","Official figure",""
"QCL","Crops and livestock products","356","India","5312","Area harvested","01447","Castor oil seeds","2022","2022","ha","830980","A","Official figure",""
"QCL","Crops and livestock products","356","India","5412","Yield","01447","Castor oil seeds","2022","2022","kg/ha","1948","A","Official figure",""
"QCL","Crops and livestock products","356","India","5510","Production","01447","Castor oil seeds","2022","2022","t","1618760","A","Official figure",""
"QCL","Crops and livestock products","356","India","5312","Area harvested","01447","Castor oil seeds","2023","2023","ha","1019279","A","Official figure",""
"QCL","Crops and livestock products","356","India","5412","Yield","01447","Castor oil seeds","2023","2023","kg/ha","1942.3","A","Official figure",""
"QCL","Crops and livestock products","356","India","5510","Production","01447","Castor oil seeds","2023","2023","t","1979717.74","A","Official figure",""
"QCL","Crops and livestock products","356","India","5312","Area harvested","01213","Cauliflowers and broccoli","2022","2022","ha","481000","A","Official figure",""
"QCL","Crops and livestock products","356","India","5412","Yield","01213","Cauliflowers and broccoli","2022","2022","kg/ha","19887.7","A","Official figure",""
"QCL","Crops and livestock products","356","India","5510","Production","01213","Cauliflowers and broccoli","2022","2022","t","9566000","A","Official figure",""
"QCL","Crops and livestock products","356","India","5312","Area harvested","01213","Cauliflowers and broccoli","2023","2023","ha","491000","A","Official figure",""
"QCL","Crops and livestock products","356","India","5412","Yield","01213","Cauliflowers and broccoli","2023","2023","kg/ha","19446","A","Official figure",""
"QCL","Crops and livestock products","356","India","5510","Production","01213","Cauliflowers and broccoli","2023","2023","t","9548000","A","Official figure",""
"QCL","Crops and livestock products","356","India","5312","Area harvested","01344.02","Cherries","2022","2022","ha","3599","I","Value imputed by a receiving agency",""
"QCL","Crops and livestock products","356","India","5412","Yield","01344.02","Cherries","2022","2022","kg/ha","2927.5","E","Estimated value",""
"QCL","Crops and livestock products","356","India","5510","Production","01344.02","Cherries","2022","2022","t","10536.18","E","Estimated value",""
"QCL","Crops and livestock products","356","India","5312","Area harvested","01344.02","Cherries","2023","2023","ha","3576","E","Estimated value",""
"QCL","Crops and livestock products","356","India","5412","Yield","01344.02","Cherries","2023","2023","kg/ha","2987.2","E","Estimated value",""
"QCL","Crops and livestock products","356","India","5510","Production","01344.02","Cherries","2023","2023","t","10682.6","E","Estimated value",""
"QCL","Crops and livestock products","356","India","5312","Area harvested","01703","Chick peas, dry","2022","2022","ha","10740100","A","Official figure",""
"QCL","Crops and livestock products","356","India","5412","Yield","01703","Chick peas, dry","2022","2022","kg/ha","1261","A","Official figure",""
"QCL","Crops and livestock products","356","India","5510","Production","01703","Chick peas, dry","2022","2022","t","13543630","A","Official figure",""
"QCL","Crops and livestock products","356","India","5312","Area harvested","01703","Chick peas, dry","2023","2023","ha","10470862","A","Official figure",""
"QCL","Crops and livestock products","356","India","5412","Yield","01703","Chick peas, dry","2023","2023","kg/ha","1171.6","A","Official figure",""
"QCL","Crops and livestock products","356","India","5510","Production","01703","Chick peas, dry","2023","2023","t","12267289.55","A","Official figure",""
"QCL","Crops and livestock products","356","India","5312","Area harvested","01652","Chillies and peppers, dry (Capsicum spp., Pimenta spp.), raw","2022","2022","ha","678000","A","Official figure",""
"QCL","Crops and livestock products","356","India","5412","Yield","01652","Chillies and peppers, dry (Capsicum spp., Pimenta spp.), raw","2022","2022","kg/ha","2764","A","Official figure",""
"QCL","Crops and livestock products","356","India","5510","Production","01652","Chillies and peppers, dry (Capsicum spp., Pimenta spp.), raw","2022","2022","t","1874000","A","Official figure",""
"QCL","Crops and livestock products","356","India","5312","Area harvested","01652","Chillies and peppers, dry (Capsicum spp., Pimenta spp.), raw","2023","2023","ha","852000","A","Official figure",""
"QCL","Crops and livestock products","356","India","5412","Yield","01652","Chillies and peppers, dry (Capsicum spp., Pimenta spp.), raw","2023","2023","kg/ha","3265.3","A","Official figure",""
"QCL","Crops and livestock products","356","India","5510","Production","01652","Chillies and peppers, dry (Capsicum spp., Pimenta spp.), raw","2023","2023","t","2782000","A","Official figure",""
"QCL","Crops and livestock products","356","India","5312","Area harvested","01231","Chillies and peppers, green (Capsicum spp. and Pimenta spp.)","2022","2022","ha","8641","E","Estimated value",""
"QCL","Crops and livestock products","356","India","5412","Yield","01231","Chillies and peppers, green (Capsicum spp. and Pimenta spp.)","2022","2022","kg/ha","8531","E","Estimated value",""
"QCL","Crops and livestock products","356","India","5510","Production","01231","Chillies and peppers, green (Capsicum spp. and Pimenta spp.)","2022","2022","t","73719.16","E","Estimated value",""
"QCL","Crops and livestock products","356","India","5312","Area harvested","01231","Chillies and peppers, green (Capsicum spp. and Pimenta spp.)","2023","2023","ha","8616","E","Estimated value",""
"QCL","Crops and livestock products","356","India","5412","Yield","01231","Chillies and peppers, green (Capsicum spp. and Pimenta spp.)","2023","2023","kg/ha","8578.4","E","Estimated value",""
"QCL","Crops and livestock products","356","India","5510","Production","01231","Chillies and peppers, green (Capsicum spp. and Pimenta spp.)","2023","2023","t","73914.76","E","Estimated value",""
"QCL","Crops and livestock products","356","India","5312","Area harvested","01640","Cocoa beans","2022","2022","ha","106000","A","Official figure",""
"QCL","Crops and livestock products","356","India","5412","Yield","01640","Cocoa beans","2022","2022","kg/ha","264.2","A","Official figure",""
"QCL","Crops and livestock products","356","India","5510","Production","01640","Cocoa beans","2022","2022","t","28000","A","Official figure",""
"QCL","Crops and livestock products","356","India","5312","Area harvested","01640","Cocoa beans","2023","2023","ha","109000","A","Official figure",""
"QCL","Crops and livestock products","356","India","5412","Yield","01640","Cocoa beans","2023","2023","kg/ha","275.2","A","Official figure",""
"QCL","Crops and livestock products","356","India","5510","Production","01640","Cocoa beans","2023","2023","t","30000","A","Official figure",""
"QCL","Crops and livestock products","356","India","5510","Production","2166","Coconut oil","2022","2022","t","360000","X","Figure from external organization","Unofficial figure"
"QCL","Crops and livestock products","356","India","5312","Area harvested","01460","Coconuts, in shell","2022","2022","ha","2154000","A","Official figure",""
"QCL","Crops and livestock products","356","India","5412","Yield","01460","Coconuts, in shell","2022","2022","kg/ha","6182.5","A","Official figure",""
"QCL","Crops and livestock products","356","India","5510","Production","01460","Coconuts, in shell","2022","2022","t","13317000","A","Official figure",""
"QCL","Crops and livestock products","356","India","5312","Area harvested","01460","Coconuts, in shell","2023","2023","ha","2277000","A","Official figure",""
"QCL","Crops and livestock products","356","India","5412","Yield","01460","Coconuts, in shell","2023","2023","kg/ha","6220","A","Official figure",""
"QCL","Crops and livestock products","356","India","5510","Production","01460","Coconuts, in shell","2023","2023","t","14163000","A","Official figure",""
"QCL","Crops and livestock products","356","India","5312","Area harvested","01610","Coffee, green","2022","2022","ha","439691","I","Value imputed by a receiving agency",""
"QCL","Crops and livestock products","356","India","5412","Yield","01610","Coffee, green","2022","2022","kg/ha","774.2","E","Estimated value",""
"QCL","Crops and livestock products","356","India","5510","Production","01610","Coffee, green","2022","2022","t","340406.47","I","Value imputed by a receiving agency",""
"QCL","Crops and livestock products","356","India","5312","Area harvested","01610","Coffee, green","2023","2023","ha","437862","I","Value imputed by a receiving agency",""
"QCL","Crops and livestock products","356","India","5412","Yield","01610","Coffee, green","2023","2023","kg/ha","760.2","E","Estimated value",""
"QCL","Crops and livestock products","356","India","5510","Production","01610","Coffee, green","2023","2023","t","332848.31","I","Value imputed by a receiving agency",""
"QCL","Crops and livestock products","356","India","5510","Production","01929.08","Coir, raw","2022","2022","t","1206085.97","I","Value imputed by a receiving agency",""
"QCL","Crops and livestock products","356","India","5510","Production","01929.08","Coir, raw","2023","2023","t","1089837.79","I","Value imputed by a receiving agency",""
"QCL","Crops and livestock products","356","India","5510","Production","01921.02","Cotton lint, ginned","2022","2022","t","5290060","A","Official figure",""
"QCL","Crops and livestock products","356","India","5510","Production","0143","Cotton seed","2022","2022","t","9700000","X","Figure from external organization","Unofficial figure"
"QCL","Crops and livestock products","356","India","5510","Production","2168","Cottonseed oil","2022","2022","t","1055900","X","Figure from external organization","Unofficial figure"
"QCL","Crops and livestock products","356","India","5312","Area harvested","01232","Cucumbers and gherkins","2022","2022","ha","28650","E","Estimated value",""
"QCL","Crops and livestock products","356","India","5412","Yield","01232","Cucumbers and gherkins","2022","2022","kg/ha","6375.9","E","Estimated value",""
"QCL","Crops and livestock products","356","India","5510","Production","01232","Cucumbers and gherkins","2022","2022","t","182668.35","E","Estimated value",""
"QCL","Crops and livestock products","356","India","5312","Area harvested","01232","Cucumbers and gherkins","2023","2023","ha","28575","E","Estimated value",""
"QCL","Crops and livestock products","356","India","5412","Yield","01232","Cucumbers and gherkins","2023","2023","kg/ha","6407.8","E","Estimated value",""
"QCL","Crops and livestock products","356","India","5510","Production","01232","Cucumbers and gherkins","2023","2023","t","183102.41","E","Estimated value",""
"QCL","Crops and livestock products","356","India","5312","Area harvested","01233","Eggplants (aubergines)","2022","2022","ha","675000","A","Official figure",""
"QCL","Crops and livestock products","356","India","5412","Yield","01233","Eggplants (aubergines)","2022","2022","kg/ha","18911.1","A","Official figure",""
"QCL","Crops and livestock products","356","India","5510","Production","01233","Eggplants (aubergines)","2022","2022","t","12765000","A","Official figure",""
"QCL","Crops and livestock products","356","India","5312","Area harvested","01233","Eggplants (aubergines)","2023","2023","ha","681000","A","Official figure",""
"QCL","Crops and livestock products","356","India","5412","Yield","01233","Eggplants (aubergines)","2023","2023","kg/ha","18784.1","A","Official figure",""
"QCL","Crops and livestock products","356","India","5510","Production","01233","Eggplants (aubergines)","2023","2023","t","12792000","A","Official figure",""
"QCL","Crops and livestock products","356","India","5312","Area harvested","01315","Figs","2022","2022","ha","5891","I","Value imputed by a receiving agency",""
"QCL","Crops and livestock products","356","India","5412","Yield","01315","Figs","2022","2022","kg/ha","2516.7","E","Estimated value",""
"QCL","Crops and livestock products","356","India","5510","Production","01315","Figs","2022","2022","t","14826.92","E","Estimated value",""
"QCL","Crops and livestock products","356","India","5312","Area harvested","01315","Figs","2023","2023","ha","5931","I","Value imputed by a receiving agency",""
"QCL","Crops and livestock products","356","India","5412","Yield","01315","Figs","2023","2023","kg/ha","2507.8","E","Estimated value",""
"QCL","Crops and livestock products","356","India","5510","Production","01315","Figs","2023","2023","t","14874.84","E","Estimated value",""
"QCL","Crops and livestock products","356","India","5312","Area harvested","01657","Ginger, raw","2022","2022","ha","193000","A","Official figure",""
"QCL","Crops and livestock products","356","India","5412","Yield","01657","Ginger, raw","2022","2022","kg/ha","11497.4","A","Official figure",""
"QCL","Crops and livestock products","356","India","5510","Production","01657","Ginger, raw","2022","2022","t","2219000","A","Official figure",""
"QCL","Crops and livestock products","356","India","5312","Area harvested","01657","Ginger, raw","2023","2023","ha","191000","A","Official figure",""
"QCL","Crops and livestock products","356","India","5412","Yield","01657","Ginger, raw","2023","2023","kg/ha","11523.6","A","Official figure",""
"QCL","Crops and livestock products","356","India","5510","Production","01657","Ginger, raw","2023","2023","t","2201000","A","Official figure",""
"QCL","Crops and livestock products","356","India","5312","Area harvested","01330","Grapes","2022","2022","ha","163000","A","Official figure",""
"QCL","Crops and livestock products","356","India","5412","Yield","01330","Grapes","2022","2022","kg/ha","20865","A","Official figure",""
"QCL","Crops and livestock products","356","India","5510","Production","01330","Grapes","2022","2022","t","3401000","A","Official figure",""
"QCL","Crops and livestock products","356","India","5312","Area harvested","01330","Grapes","2023","2023","ha","169000","A","Official figure",""
"QCL","Crops and livestock products","356","India","5412","Yield","01330","Grapes","2023","2023","kg/ha","22130.2","A","Official figure",""
"QCL","Crops and livestock products","356","India","5510","Production","01330","Grapes","2023","2023","t","3740000","A","Official figure",""
"QCL","Crops and livestock products","356","India","5312","Area harvested","01252","Green garlic","2022","2022","ha","393000","A","Official figure",""
"QCL","Crops and livestock products","356","India","5412","Yield","01252","Green garlic","2022","2022","kg/ha","8162.8","A","Official figure",""
"QCL","Crops and livestock products","356","India","5510","Production","01252","Green garlic","2022","2022","t","3208000","A","Official figure",""
"QCL","Crops and livestock products","356","India","5312","Area harvested","01252","Green garlic","2023","2023","ha","408560","I","Value imputed by a receiving agency",""
"QCL","Crops and livestock products","356","India","5412","Yield","01252","Green garlic","2023","2023","kg/ha","7994","E","Estimated value",""
"QCL","Crops and livestock products","356","India","5510","Production","01252","Green garlic","2023","2023","t","3266022.81","I","Value imputed by a receiving agency",""
"QCL","Crops and livestock products","356","India","5510","Production","23913","Green tea (not fermented), black tea (fermented) and partly fermented tea, in immediate packings of a content not exceeding 3 kg","2022","2022","t","1372835","A","Official figure",""
"QCL","Crops and livestock products","356","India","5510","Production","2162","Groundnut oil","2022","2022","t","894200","X","Figure from external organization","Unofficial figure"
"QCL","Crops and livestock products","356","India","5312","Area harvested","0142","Groundnuts, excluding shelled","2022","2022","ha","5704740","A","Official figure",""
"QCL","Crops and livestock products","356","India","5412","Yield","0142","Groundnuts, excluding shelled","2022","2022","kg/ha","1776.6","A","Official figure",""
"QCL","Crops and livestock products","356","India","5510","Production","0142","Groundnuts, excluding shelled","2022","2022","t","10134990","A","Official figure",""
"QCL","Crops and livestock products","356","India","5312","Area harvested","0142","Groundnuts, excluding shelled","2023","2023","ha","4961181","A","Official figure",""
"QCL","Crops and livestock products","356","India","5412","Yield","0142","Groundnuts, excluding shelled","2023","2023","kg/ha","2075.5","A","Official figure",""
"QCL","Crops and livestock products","356","India","5510","Production","0142","Groundnuts, excluding shelled","2023","2023","t","10296707.97","A","Official figure",""
"QCL","Crops and livestock products","356","India","5312","Area harvested","01922.01","Jute, raw or retted","2022","2022","ha","629240","A","Official figure",""
"QCL","Crops and livestock products","356","India","5412","Yield","01922.01","Jute, raw or retted","2022","2022","kg/ha","2792.5","A","Official figure",""
"QCL","Crops and livestock products","356","India","5510","Production","01922.01","Jute, raw or retted","2022","2022","t","1757160","A","Official figure",""
"QCL","Crops and livestock products","356","India","5312","Area harvested","01922.01","Jute, raw or retted","2023","2023","ha","619083","A","Official figure",""
"QCL","Crops and livestock products","356","India","5412","Yield","01922.01","Jute, raw or retted","2023","2023","kg/ha","2613.6","A","Official figure",""
"QCL","Crops and livestock products","356","India","5510","Production","01922.01","Jute, raw or retted","2023","2023","t","1618020","A","Official figure",""
"QCL","Crops and livestock products","356","India","5312","Area harvested","01922.02","Kenaf, and other textile bast fibres, raw or retted","2022","2022","ha","86757","E","Estimated value",""
"QCL","Crops and livestock products","356","India","5412","Yield","01922.02","Kenaf, and other textile bast fibres, raw or retted","2022","2022","kg/ha","1175.6","E","Estimated value",""
"QCL","Crops and livestock products","356","India","5510","Production","01922.02","Kenaf, and other textile bast fibres, raw or retted","2022","2022","t","101990.42","E","Estimated value",""
"QCL","Crops and livestock products","356","India","5312","Area harvested","01922.02","Kenaf, and other textile bast fibres, raw or retted","2023","2023","ha","86576","E","Estimated value",""
"QCL","Crops and livestock products","356","India","5412","Yield","01922.02","Kenaf, and other textile bast fibres, raw or retted","2023","2023","kg/ha","1176.9","E","Estimated value",""
"QCL","Crops and livestock products","356","India","5510","Production","01922.02","Kenaf, and other textile bast fibres, raw or retted","2023","2023","t","101895.74","E","Estimated value",""
"QCL","Crops and livestock products","356","India","5312","Area harvested","01322","Lemons and limes","2022","2022","ha","313000","A","Official figure",""
"QCL","Crops and livestock products","356","India","5412","Yield","01322","Lemons and limes","2022","2022","kg/ha","12063.9","A","Official figure",""
"QCL","Crops and livestock products","356","India","5510","Production","01322","Lemons and limes","2022","2022","t","3776000","A","Official figure",""
"QCL","Crops and livestock products","356","India","5312","Area harvested","01322","Lemons and limes","2023","2023","ha","312000","A","Official figure",""
"QCL","Crops and livestock products","356","India","5412","Yield","01322","Lemons and limes","2023","2023","kg/ha","12137.8","A","Official figure",""
"QCL","Crops and livestock products","356","India","5510","Production","01322","Lemons and limes","2023","2023","t","3787000","A","Official figure",""
"QCL","Crops and livestock products","356","India","5312","Area harvested","01704","Lentils, dry","2022","2022","ha","1411920","A","Official figure",""
"QCL","Crops and livestock products","356","India","5412","Yield","01704","Lentils, dry","2022","2022","kg/ha","898.7","A","Official figure",""
"QCL","Crops and livestock products","356","India","5510","Production","01704","Lentils, dry","2022","2022","t","1268830","A","Official figure",""
"QCL","Crops and livestock products","356","India","5312","Area harvested","01704","Lentils, dry","2023","2023","ha","1636781","A","Official figure",""
"QCL","Crops and livestock products","356","India","5412","Yield","01704","Lentils, dry","2023","2023","kg/ha","952.3","A","Official figure",""
"QCL","Crops and livestock products","356","India","5510","Production","01704","Lentils, dry","2023","2023","t","1558636.62","A","Official figure",""
"QCL","Crops and livestock products","356","India","5312","Area harvested","01214","Lettuce and chicory","2022","2022","ha","181795","E","Estimated value",""
"QCL","Crops and livestock products","356","India","5412","Yield","01214","Lettuce and chicory","2022","2022","kg/ha","6415.3","E","Estimated value",""
"QCL","Crops and livestock products","356","India","5510","Production","01214","Lettuce and chicory","2022","2022","t","1166270.91","E","Estimated value",""
"QCL","Crops and livestock products","356","India","5312","Area harvested","01214","Lettuce and chicory","2023","2023","ha","181474","E","Estimated value",""
"QCL","Crops and livestock products","356","India","5412","Yield","01214","Lettuce and chicory","2023","2023","kg/ha","6451.4","E","Estimated value",""
"QCL","Crops and livestock products","356","India","5510","Production","01214","Lettuce and chicory","2023","2023","t","1170764.35","E","Estimated value",""
"QCL","Crops and livestock products","356","India","5312","Area harvested","01441","Linseed","2022","2022","ha","196900","A","Official figure",""
"QCL","Crops and livestock products","356","India","5412","Yield","01441","Linseed","2022","2022","kg/ha","642.1","A","Official figure",""
"QCL","Crops and livestock products","356","India","5510","Production","01441","Linseed","2022","2022","t","126420","A","Official figure",""
"QCL","Crops and livestock products","356","India","5312","Area harvested","01441","Linseed","2023","2023","ha","238731","A","Official figure",""
"QCL","Crops and livestock products","356","India","5412","Yield","01441","Linseed","2023","2023","kg/ha","698.5","A","Official figure",""
"QCL","Crops and livestock products","356","India","5510","Production","01441","Linseed","2023","2023","t","166753.17","A","Official figure",""
"QCL","Crops and livestock products","356","India","5312","Area harvested","0112","Maize (corn)","2022","2022","ha","9957950","A","Official figure",""
"QCL","Crops and livestock products","356","India","5412","Yield","0112","Maize (corn)","2022","2022","kg/ha","3387.2","A","Official figure",""
"QCL","Crops and livestock products","356","India","5510","Production","0112","Maize (corn)","2022","2022","t","33729540","A","Official figure",""
"QCL","Crops and livestock products","356","India","5312","Area harvested","0112","Maize (corn)","2023","2023","ha","10743603","A","Official figure",""
"QCL","Crops and livestock products","356","India","5412","Yield","0112","Maize (corn)","2023","2023","kg/ha","3544.9","A","Official figure",""
"QCL","Crops and livestock products","356","India","5510","Production","0112","Maize (corn)","2023","2023","t","38085256.41","A","Official figure",""
"QCL","Crops and livestock products","356","India","5312","Area harvested","01316","Mangoes, guavas and mangosteens","2022","2022","ha","2704000","A","Official figure",""
"QCL","Crops and livestock products","356","India","5412","Yield","01316","Mangoes, guavas and mangosteens","2022","2022","kg/ha","9726","A","Official figure",""
"QCL","Crops and livestock products","356","India","5510","Production","01316","Mangoes, guavas and mangosteens","2022","2022","t","26299000","A","Official figure",""
"QCL","Crops and livestock products","356","India","5312","Area harvested","01316","Mangoes, guavas and mangosteens","2023","2023","ha","2698000","A","Official figure",""
"QCL","Crops and livestock products","356","India","5412","Yield","01316","Mangoes, guavas and mangosteens","2023","2023","kg/ha","9724.2","A","Official figure",""
"QCL","Crops and livestock products","356","India","5510","Production","01316","Mangoes, guavas and mangosteens","2023","2023","t","26236000","A","Official figure",""
"QCL","Crops and livestock products","356","India","5510","Production","21700.02","Margarine and shortening","2022","2022","t","436000","X","Figure from external organization","Unofficial figure"
"QCL","Crops and livestock products","356","India","5312","Area harvested","0118","Millet","2022","2022","ha","8488150","A","Official figure",""
"QCL","Crops and livestock products","356","India","5412","Yield","0118","Millet","2022","2022","kg/ha","1396","A","Official figure",""
"QCL","Crops and livestock products","356","India","5510","Production","0118","Millet","2022","2022","t","11849190","A","Official figure",""
"QCL","Crops and livestock products","356","India","5312","Area harvested","0118","Millet","2023","2023","ha","9163754","A","Official figure",""
"QCL","Crops and livestock products","356","India","5412","Yield","0118","Millet","2023","2023","kg/ha","1474","A","Official figure",""
"QCL","Crops and livestock products","356","India","5510","Production","0118","Millet","2023","2023","t","13507041","A","Official figure",""
"QCL","Crops and livestock products","356","India","5510","Production","23540","Molasses","2022","2022","t","14353891.55","I","Value imputed by a receiving agency",""
"QCL","Crops and livestock products","356","India","5510","Production","01270","Mushrooms and truffles","2022","2022","t","280000","A","Official figure",""
"QCL","Crops and livestock products","356","India","5510","Production","01270","Mushrooms and truffles","2023","2023","t","315000","A","Official figure",""
"QCL","Crops and livestock products","356","India","5312","Area harvested","01950.01","Natural rubber in primary forms","2022","2022","ha","376615","I","Value imputed by a receiving agency",""
"QCL","Crops and livestock products","356","India","5412","Yield","01950.01","Natural rubber in primary forms","2022","2022","kg/ha","2238.4","E","Estimated value",""
"QCL","Crops and livestock products","356","India","5510","Production","01950.01","Natural rubber in primary forms","2022","2022","t","843000","X","Figure from external organization","Unofficial figure"
"QCL","Crops and livestock products","356","India","5312","Area harvested","01950.01","Natural rubber in primary forms","2023","2023","ha","374826","I","Value imputed by a receiving agency",""
"QCL","Crops and livestock products","356","India","5412","Yield","01950.01","Natural rubber in primary forms","2023","2023","kg/ha","2265.1","E","Estimated value",""
"QCL","Crops and livestock products","356","India","5510","Production","01950.01","Natural rubber in primary forms","2023","2023","t","849000","X","Figure from external organization","Unofficial figure"
"QCL","Crops and livestock products","356","India","5312","Area harvested","01653","Nutmeg, mace, cardamoms, raw","2022","2022","ha","109000","A","Official figure",""
"QCL","Crops and livestock products","356","India","5412","Yield","01653","Nutmeg, mace, cardamoms, raw","2022","2022","kg/ha","504.6","A","Official figure",""
"QCL","Crops and livestock products","356","India","5510","Production","01653","Nutmeg, mace, cardamoms, raw","2022","2022","t","55000","A","Official figure",""
"QCL","Crops and livestock products","356","India","5312","Area harvested","01653","Nutmeg, mace, cardamoms, raw","2023","2023","ha","111000","A","Official figure",""
"QCL","Crops and livestock products","356","India","5412","Yield","01653","Nutmeg, mace, cardamoms, raw","2023","2023","kg/ha","486.5","A","Official figure",""
"QCL","Crops and livestock products","356","India","5510","Production","01653","Nutmeg, mace, cardamoms, raw","2023","2023","t","54000","A","Official figure",""
"QCL","Crops and livestock products","356","India","5510","Production","21691.12","Oil of linseed","2022","2022","t","33700","X","Figure from external organization","Unofficial figure"
"QCL","Crops and livestock products","356","India","5510","Production","21691.02","Oil of maize","2022","2022","t","4713.78","I","Value imputed by a receiving agency",""
"QCL","Crops and livestock products","356","India","5510","Production","21691.07","Oil of sesame seed","2022","2022","t","76700","X","Figure from external organization","Unofficial figure"
"QCL","Crops and livestock products","356","India","5312","Area harvested","01239.01","Okra","2022","2022","ha","550000","A","Official figure",""
"QCL","Crops and livestock products","356","India","5412","Yield","01239.01","Okra","2022","2022","kg/ha","12496.4","A","Official figure",""
"QCL","Crops and livestock products","356","India","5510","Production","01239.01","Okra","2022","2022","t","6873000","A","Official figure",""
"QCL","Crops and livestock products","356","India","5312","Area harvested","01239.01","Okra","2023","2023","ha","549000","A","Official figure",""
"QCL","Crops and livestock products","356","India","5412","Yield","01239.01","Okra","2023","2023","kg/ha","13038.3","A","Official figure",""
"QCL","Crops and livestock products","356","India","5510","Production","01239.01","Okra","2023","2023","t","7158000","A","Official figure",""
"QCL","Crops and livestock products","356","India","5312","Area harvested","01253.02","Onions and shallots, dry (excluding dehydrated)","2022","2022","ha","1941000","A","Official figure",""
"QCL","Crops and livestock products","356","India","5412","Yield","01253.02","Onions and shallots, dry (excluding dehydrated)","2022","2022","kg/ha","16325.1","A","Official figure",""
"QCL","Crops and livestock products","356","India","5510","Production","01253.02","Onions and shallots, dry (excluding dehydrated)","2022","2022","t","31687000","A","Official figure",""
"QCL","Crops and livestock products","356","India","5312","Area harvested","01253.02","Onions and shallots, dry (excluding dehydrated)","2023","2023","ha","1740000","A","Official figure",""
"QCL","Crops and livestock products","356","India","5412","Yield","01253.02","Onions and shallots, dry (excluding dehydrated)","2023","2023","kg/ha","17360.9","A","Official figure",""
"QCL","Crops and livestock products","356","India","5510","Production","01253.02","Onions and shallots, dry (excluding dehydrated)","2023","2023","t","30208000","A","Official figure",""
"QCL","Crops and livestock products","356","India","5312","Area harvested","01323","Oranges","2022","2022","ha","228000","A","Official figure",""
"QCL","Crops and livestock products","356","India","5412","Yield","01323","Oranges","2022","2022","kg/ha","17083.3","A","Official figure",""
"QCL","Crops and livestock products","356","India","5510","Production","01323","Oranges","2022","2022","t","3895000","A","Official figure",""
"QCL","Crops and livestock products","356","India","5312","Area harvested","01323","Oranges","2023","2023","ha","231000","A","Official figure",""
"QCL","Crops and livestock products","356","India","5412","Yield","01323","Oranges","2023","2023","kg/ha","17000","A","Official figure",""
"QCL","Crops and livestock products","356","India","5510","Production","01323","Oranges","2023","2023","t","3927000","A","Official figure",""
"QCL","Crops and livestock products","356","India","5312","Area harvested","01241.90","Other beans, green","2022","2022","ha","236064","E","Estimated value",""
"QCL","Crops and livestock products","356","India","5412","Yield","01241.90","Other beans, green","2022","2022","kg/ha","2837.7","E","Estimated value",""
"QCL","Crops and livestock products","356","India","5510","Production","01241.90","Other beans, green","2022","2022","t","669871.65","E","Estimated value",""
"QCL","Crops and livestock products","356","India","5312","Area harvested","01241.90","Other beans, green","2023","2023","ha","236777","E","Estimated value",""
"QCL","Crops and livestock products","356","India","5412","Yield","01241.90","Other beans, green","2023","2023","kg/ha","2838.4","E","Estimated value",""
"QCL","Crops and livestock products","356","India","5510","Production","01241.90","Other beans, green","2023","2023","t","672063.42","E","Estimated value",""
"QCL","Crops and livestock products","356","India","5312","Area harvested","01355.90","Other berries and fruits of the genus vaccinium n.e.c.","2022","2022","ha","326","E","Estimated value",""
"QCL","Crops and livestock products","356","India","5412","Yield","01355.90","Other berries and fruits of the genus vaccinium n.e.c.","2022","2022","kg/ha","6886.2","E","Estimated value",""
"QCL","Crops and livestock products","356","India","5510","Production","01355.90","Other berries and fruits of the genus vaccinium n.e.c.","2022","2022","t","2243.75","E","Estimated value",""
"QCL","Crops and livestock products","356","India","5312","Area harvested","01355.90","Other berries and fruits of the genus vaccinium n.e.c.","2023","2023","ha","326","E","Estimated value",""
"QCL","Crops and livestock products","356","India","5412","Yield","01355.90","Other berries and fruits of the genus vaccinium n.e.c.","2023","2023","kg/ha","6900.1","E","Estimated value",""
"QCL","Crops and livestock products","356","India","5510","Production","01355.90","Other berries and fruits of the genus vaccinium n.e.c.","2023","2023","t","2250.34","E","Estimated value",""
"QCL","Crops and livestock products","356","India","5312","Area harvested","01329","Other citrus fruit, n.e.c.","2022","2022","ha","103000","A","Official figure",""
"QCL","Crops and livestock products","356","India","5412","Yield","01329","Other citrus fruit, n.e.c.","2022","2022","kg/ha","7592.2","A","Official figure",""
"QCL","Crops and livestock products","356","India","5510","Production","01329","Other citrus fruit, n.e.c.","2022","2022","t","782000","A","Official figure",""
"QCL","Crops and livestock products","356","India","5312","Area harvested","01329","Other citrus fruit, n.e.c.","2023","2023","ha","97000","A","Official figure",""
"QCL","Crops and livestock products","356","India","5412","Yield","01329","Other citrus fruit, n.e.c.","2023","2023","kg/ha","7350.5","A","Official figure",""
"QCL","Crops and livestock products","356","India","5510","Production","01329","Other citrus fruit, n.e.c.","2023","2023","t","713000","A","Official figure",""
"QCL","Crops and livestock products","356","India","5312","Area harvested","01359.90","Other fruits, n.e.c.","2022","2022","ha","1305491","I","Value imputed by a receiving agency",""
"QCL","Crops and livestock products","356","India","5412","Yield","01359.90","Other fruits, n.e.c.","2022","2022","kg/ha","8567.1","E","Estimated value",""
"QCL","Crops and livestock products","356","India","5510","Production","01359.90","Other fruits, n.e.c.","2022","2022","t","11184246.97","I","Value imputed by a receiving agency",""
"QCL","Crops and livestock products","356","India","5312","Area harvested","01359.90","Other fruits, n.e.c.","2023","2023","ha","1316209","I","Value imputed by a receiving agency",""
"QCL","Crops and livestock products","356","India","5412","Yield","01359.90","Other fruits, n.e.c.","2023","2023","kg/ha","8655.7","E","Estimated value",""
"QCL","Crops and livestock products","356","India","5510","Production","01359.90","Other fruits, n.e.c.","2023","2023","t","11392661.61","I","Value imputed by a receiving agency",""
"QCL","Crops and livestock products","356","India","5312","Area harvested","01449.90","Other oil seeds, n.e.c.","2022","2022","ha","108598","I","Value imputed by a receiving agency",""
"QCL","Crops and livestock products","356","India","5412","Yield","01449.90","Other oil seeds, n.e.c.","2022","2022","kg/ha","313.1","E","Estimated value",""
"QCL","Crops and livestock products","356","India","5510","Production","01449.90","Other oil seeds, n.e.c.","2022","2022","t","34000","A","Official figure",""
"QCL","Crops and livestock products","356","India","5312","Area harvested","01449.90","Other oil seeds, n.e.c.","2023","2023","ha","107138","I","Value imputed by a receiving agency",""
"QCL","Crops and livestock products","356","India","5412","Yield","01449.90","Other oil seeds, n.e.c.","2023","2023","kg/ha","313.8","E","Estimated value",""
"QCL","Crops and livestock products","356","India","5510","Production","01449.90","Other oil seeds, n.e.c.","2023","2023","t","33617.04","I","Value imputed by a receiving agency",""
"QCL","Crops and livestock products","356","India","5312","Area harvested","01709.90","Other pulses n.e.c.","2022","2022","ha","2210183","E","Estimated value",""
"QCL","Crops and livestock products","356","India","5412","Yield","01709.90","Other pulses n.e.c.","2022","2022","kg/ha","438.5","E","Estimated value",""
"QCL","Crops and livestock products","356","India","5510","Production","01709.90","Other pulses n.e.c.","2022","2022","t","969232.93","E","Estimated value",""
"QCL","Crops and livestock products","356","India","5312","Area harvested","01709.90","Other pulses n.e.c.","2023","2023","ha","2221797","E","Estimated value",""
"QCL","Crops and livestock products","356","India","5412","Yield","01709.90","Other pulses n.e.c.","2023","2023","kg/ha","438.2","E","Estimated value",""
"QCL","Crops and livestock products","356","India","5510","Production","01709.90","Other pulses n.e.c.","2023","2023","t","973660.76","E","Estimated value",""
"QCL","Crops and livestock products","356","India","5312","Area harvested","01699","Other stimulant, spice and aromatic crops, n.e.c.","2022","2022","ha","724733","I","Value imputed by a receiving agency",""
"QCL","Crops and livestock products","356","India","5412","Yield","01699","Other stimulant, spice and aromatic crops, n.e.c.","2022","2022","kg/ha","2117","E","Estimated value",""
"QCL","Crops and livestock products","356","India","5510","Production","01699","Other stimulant, spice and aromatic crops, n.e.c.","2022","2022","t","1534245.78","I","Value imputed by a receiving agency",""
"QCL","Crops and livestock products","356","India","5312","Area harvested","01699","Other stimulant, spice and aromatic crops, n.e.c.","2023","2023","ha","731780","I","Value imputed by a receiving agency",""
"QCL","Crops and livestock products","356","India","5412","Yield","01699","Other stimulant, spice and aromatic crops, n.e.c.","2023","2023","kg/ha","2114","E","Estimated value",""
"QCL","Crops and livestock products","356","India","5510","Production","01699","Other stimulant, spice and aromatic crops, n.e.c.","2023","2023","t","1546994.67","I","Value imputed by a receiving agency",""
"QCL","Crops and livestock products","356","India","5312","Area harvested","01349.20","Other stone fruits","2022","2022","ha","603","I","Value imputed by a receiving agency",""
"QCL","Crops and livestock products","356","India","5412","Yield","01349.20","Other stone fruits","2022","2022","kg/ha","3919.2","E","Estimated value",""
"QCL","Crops and livestock products","356","India","5510","Production","01349.20","Other stone fruits","2022","2022","t","2361.93","E","Estimated value",""
"QCL","Crops and livestock products","356","India","5312","Area harvested","01349.20","Other stone fruits","2023","2023","ha","605","I","Value imputed by a receiving agency",""
"QCL","Crops and livestock products","356","India","5412","Yield","01349.20","Other stone fruits","2023","2023","kg/ha","3913.8","E","Estimated value",""
"QCL","Crops and livestock products","356","India","5510","Production","01349.20","Other stone fruits","2023","2023","t","2366.95","E","Estimated value",""
"QCL","Crops and livestock products","356","India","5312","Area harvested","01319","Other tropical fruits, n.e.c.","2022","2022","ha","455853","I","Value imputed by a receiving agency",""
"QCL","Crops and livestock products","356","India","5412","Yield","01319","Other tropical fruits, n.e.c.","2022","2022","kg/ha","13081.7","E","Estimated value",""
"QCL","Crops and livestock products","356","India","5510","Production","01319","Other tropical fruits, n.e.c.","2022","2022","t","5963329.04","E","Estimated value",""
"QCL","Crops and livestock products","356","India","5312","Area harvested","01319","Other tropical fruits, n.e.c.","2023","2023","ha","455342","I","Value imputed by a receiving agency",""
"QCL","Crops and livestock products","356","India","5412","Yield","01319","Other tropical fruits, n.e.c.","2023","2023","kg/ha","13020.2","E","Estimated value",""
"QCL","Crops and livestock products","356","India","5510","Production","01319","Other tropical fruits, n.e.c.","2023","2023","t","5928649.47","E","Estimated value",""
"QCL","Crops and livestock products","356","India","5312","Area harvested","01290.90","Other vegetables, fresh n.e.c.","2022","2022","ha","2933493","I","Value imputed by a receiving agency",""
"QCL","Crops and livestock products","356","India","5412","Yield","01290.90","Other vegetables, fresh n.e.c.","2022","2022","kg/ha","14293.7","E","Estimated value",""
"QCL","Crops and livestock products","356","India","5510","Production","01290.90","Other vegetables, fresh n.e.c.","2022","2022","t","41930363.95","I","Value imputed by a receiving agency",""
"QCL","Crops and livestock products","356","India","5312","Area harvested","01290.90","Other vegetables, fresh n.e.c.","2023","2023","ha","2963992","I","Value imputed by a receiving agency",""
"QCL","Crops and livestock products","356","India","5412","Yield","01290.90","Other vegetables, fresh n.e.c.","2023","2023","kg/ha","14386.5","E","Estimated value",""
"QCL","Crops and livestock products","356","India","5510","Production","01290.90","Other vegetables, fresh n.e.c.","2023","2023","t","42641573.72","I","Value imputed by a receiving agency",""
"QCL","Crops and livestock products","356","India","5312","Area harvested","01317","Papayas","2022","2022","ha","150000","A","Official figure",""
"QCL","Crops and livestock products","356","India","5412","Yield","01317","Papayas","2022","2022","kg/ha","35606.7","A","Official figure",""
"QCL","Crops and livestock products","356","India","5510","Production","01317","Papayas","2022","2022","t","5341000","A","Official figure",""
"QCL","Crops and livestock products","356","India","5312","Area harvested","01317","Papayas","2023","2023","ha","148000","A","Official figure",""
"QCL","Crops and livestock products","356","India","5412","Yield","01317","Papayas","2023","2023","kg/ha","35405.4","A","Official figure",""
"QCL","Crops and livestock products","356","India","5510","Production","01317","Papayas","2023","2023","t","5240000","A","Official figure",""
"QCL","Crops and livestock products","356","India","5312","Area harvested","01345","Peaches and nectarines","2022","2022","ha","","M","Missing value; data cannot exist",""
"QCL","Crops and livestock products","356","India","5510","Production","01345","Peaches and nectarines","2022","2022","t","","M","Missing value; data cannot exist",""
"QCL","Crops and livestock products","356","India","5312","Area harvested","01345","Peaches and nectarines","2023","2023","ha","","M","Missing value; data cannot exist",""
"QCL","Crops and livestock products","356","India","5510","Production","01345","Peaches and nectarines","2023","2023","t","","M","Missing value; data cannot exist",""
"QCL","Crops and livestock products","356","India","5312","Area harvested","01342.01","Pears","2022","2022","ha","44000","A","Official figure",""
"QCL","Crops and livestock products","356","India","5412","Yield","01342.01","Pears","2022","2022","kg/ha","7022.7","A","Official figure",""
"QCL","Crops and livestock products","356","India","5510","Production","01342.01","Pears","2022","2022","t","309000","A","Official figure",""
"QCL","Crops and livestock products","356","India","5312","Area harvested","01342.01","Pears","2023","2023","ha","35000","A","Official figure",""
"QCL","Crops and livestock products","356","India","5412","Yield","01342.01","Pears","2023","2023","kg/ha","7742.9","A","Official figure",""
"QCL","Crops and livestock products","356","India","5510","Production","01342.01","Pears","2023","2023","t","271000","A","Official figure",""
"QCL","Crops and livestock products","356","India","5312","Area harvested","01705","Peas, dry","2022","2022","ha","761959","A","Official figure",""
"QCL","Crops and livestock products","356","India","5412","Yield","01705","Peas, dry","2022","2022","kg/ha","1318.2","A","Official figure",""
"QCL","Crops and livestock products","356","India","5510","Production","01705","Peas, dry","2022","2022","t","1004402","A","Official figure",""
"QCL","Crops and livestock products","356","India","5312","Area harvested","01705","Peas, dry","2023","2023","ha","838961","A","Official figure",""
"QCL","Crops and livestock products","356","India","5412","Yield","01705","Peas, dry","2023","2023","kg/ha","1352.1","A","Official figure",""
"QCL","Crops and livestock products","356","India","5510","Production","01705","Peas, dry","2023","2023","t","1134336.56","A","Official figure",""
"QCL","Crops and livestock products","356","India","5312","Area harvested","01242","Peas, green","2022","2022","ha","590000","A","Official figure",""
"QCL","Crops and livestock products","356","India","5412","Yield","01242","Peas, green","2022","2022","kg/ha","10478","A","Official figure",""
"QCL","Crops and livestock products","356","India","5510","Production","01242","Peas, green","2022","2022","t","6182000","A","Official figure",""
"QCL","Crops and livestock products","356","India","5312","Area harvested","01242","Peas, green","2023","2023","ha","609000","A","Official figure",""
"QCL","Crops and livestock products","356","India","5412","Yield","01242","Peas, green","2023","2023","kg/ha","10824.3","A","Official figure",""
"QCL","Crops and livestock products","356","India","5510","Production","01242","Peas, green","2023","2023","t","6592000","A","Official figure",""
"QCL","Crops and livestock products","356","India","5312","Area harvested","01651","Pepper (Piper spp.), raw","2022","2022","ha","128999","I","Value imputed by a receiving agency",""
"QCL","Crops and livestock products","356","India","5412","Yield","01651","Pepper (Piper spp.), raw","2022","2022","kg/ha","501.9","E","Estimated value",""
"QCL","Crops and livestock products","356","India","5510","Production","01651","Pepper (Piper spp.), raw","2022","2022","t","64746.48","I","Value imputed by a receiving agency",""
"QCL","Crops and livestock products","356","India","5312","Area harvested","01651","Pepper (Piper spp.), raw","2023","2023","ha","126667","I","Value imputed by a receiving agency",""
"QCL","Crops and livestock products","356","India","5412","Yield","01651","Pepper (Piper spp.), raw","2023","2023","kg/ha","519","E","Estimated value",""
"QCL","Crops and livestock products","356","India","5510","Production","01651","Pepper (Piper spp.), raw","2023","2023","t","65739.64","I","Value imputed by a receiving agency",""
"QCL","Crops and livestock products","356","India","5312","Area harvested","01707","Pigeon peas, dry","2022","2022","ha","4900260","A","Official figure",""
"QCL","Crops and livestock products","356","India","5412","Yield","01707","Pigeon peas, dry","2022","2022","kg/ha","861.2","A","Official figure",""
"QCL","Crops and livestock products","356","India","5510","Production","01707","Pigeon peas, dry","2022","2022","t","4220190","A","Official figure",""
"QCL","Crops and livestock products","356","India","5312","Area harvested","01707","Pigeon peas, dry","2023","2023","ha","4068434","A","Official figure",""
"QCL","Crops and livestock products","356","India","5412","Yield","01707","Pigeon peas, dry","2023","2023","kg/ha","814","A","Official figure",""
"QCL","Crops and livestock products","356","India","5510","Production","01707","Pigeon peas, dry","2023","2023","t","3311532.36","A","Official figure",""
"QCL","Crops and livestock products","356","India","5312","Area harvested","01318","Pineapples","2022","2022","ha","108000","A","Official figure",""
"QCL","Crops and livestock products","356","India","5412","Yield","01318","Pineapples","2022","2022","kg/ha","17138.9","A","Official figure",""
"QCL","Crops and livestock products","356","India","5510","Production","01318","Pineapples","2022","2022","t","1851000","A","Official figure",""
"QCL","Crops and livestock products","356","India","5312","Area harvested","01318","Pineapples","2023","2023","ha","108000","A","Official figure",""
"QCL","Crops and livestock products","356","India","5412","Yield","01318","Pineapples","2023","2023","kg/ha","16925.9","A","Official figure",""
"QCL","Crops and livestock products","356","India","5510","Production","01318","Pineapples","2023","2023","t","1828000","A","Official figure",""
"QCL","Crops and livestock products","356","India","5312","Area harvested","01346","Plums and sloes","2022","2022","ha","","M","Missing value; data cannot exist",""
"QCL","Crops and livestock products","356","India","5510","Production","01346","Plums and sloes","2022","2022","t","","M","Missing value; data cannot exist",""
"QCL","Crops and livestock products","356","India","5312","Area harvested","01346","Plums and sloes","2023","2023","ha","","M","Missing value; data cannot exist",""
"QCL","Crops and livestock products","356","India","5510","Production","01346","Plums and sloes","2023","2023","t","","M","Missing value; data cannot exist",""
"QCL","Crops and livestock products","356","India","5312","Area harvested","01321","Pomelos and grapefruits","2022","2022","ha","","M","Missing value; data cannot exist",""
"QCL","Crops and livestock products","356","India","5510","Production","01321","Pomelos and grapefruits","2022","2022","t","","M","Missing value; data cannot exist",""
"QCL","Crops and livestock products","356","India","5312","Area harvested","01321","Pomelos and grapefruits","2023","2023","ha","","M","Missing value; data cannot exist",""
"QCL","Crops and livestock products","356","India","5510","Production","01321","Pomelos and grapefruits","2023","2023","t","","M","Missing value; data cannot exist",""
"QCL","Crops and livestock products","356","India","5312","Area harvested","01448","Poppy seed","2022","2022","ha","","M","Missing value; data cannot exist",""
"QCL","Crops and livestock products","356","India","5510","Production","01448","Poppy seed","2022","2022","t","","M","Missing value; data cannot exist",""
"QCL","Crops and livestock products","356","India","5312","Area harvested","01448","Poppy seed","2023","2023","ha","","M","Missing value; data cannot exist",""
"QCL","Crops and livestock products","356","India","5510","Production","01448","Poppy seed","2023","2023","t","","M","Missing value; data cannot exist",""
"QCL","Crops and livestock products","356","India","5312","Area harvested","01510","Potatoes","2022","2022","ha","2226000","A","Official figure",""
"QCL","Crops and livestock products","356","India","5412","Yield","01510","Potatoes","2022","2022","kg/ha","25236.3","A","Official figure",""
"QCL","Crops and livestock products","356","India","5510","Production","01510","Potatoes","2022","2022","t","56176000","A","Official figure",""
"QCL","Crops and livestock products","356","India","5312","Area harvested","01510","Potatoes","2023","2023","ha","2332000","A","Official figure",""
"QCL","Crops and livestock products","356","India","5412","Yield","01510","Potatoes","2023","2023","kg/ha","25789.9","A","Official figure",""
"QCL","Crops and livestock products","356","India","5510","Production","01510","Potatoes","2023","2023","t","60142000","A","Official figure",""
"QCL","Crops and livestock products","356","India","5312","Area harvested","01235","Pumpkins, squash and gourds","2022","2022","ha","","M","Missing value; data cannot exist",""
"QCL","Crops and livestock products","356","India","5510","Production","01235","Pumpkins, squash and gourds","2022","2022","t","","M","Missing value; data cannot exist",""
"QCL","Crops and livestock products","356","India","5312","Area harvested","01235","Pumpkins, squash and gourds","2023","2023","ha","","M","Missing value; data cannot exist",""
"QCL","Crops and livestock products","356","India","5510","Production","01235","Pumpkins, squash and gourds","2023","2023","t","","M","Missing value; data cannot exist",""
"QCL","Crops and livestock products","356","India","5312","Area harvested","01443","Rape or colza seed","2022","2022","ha","7991420","A","Official figure",""
"QCL","Crops and livestock products","356","India","5412","Yield","01443","Rape or colza seed","2022","2022","kg/ha","1497","A","Official figure",""
"QCL","Crops and livestock products","356","India","5510","Production","01443","Rape or colza seed","2022","2022","t","11963090","A","Official figure",""
"QCL","Crops and livestock products","356","India","5312","Area harvested","01443","Rape or colza seed","2023","2023","ha","8851524","A","Official figure",""
"QCL","Crops and livestock products","356","India","5412","Yield","01443","Rape or colza seed","2023","2023","kg/ha","1428.4","A","Official figure",""
"QCL","Crops and livestock products","356","India","5510","Production","01443","Rape or colza seed","2023","2023","t","12643196.4","A","Official figure",""
"QCL","Crops and livestock products","356","India","5510","Production","21641.01","Rapeseed or canola oil, crude","2022","2022","t","3448800","X","Figure from external organization","Unofficial figure"
"QCL","Crops and livestock products","356","India","5510","Production","2351f","Raw cane or beet sugar (centrifugal only)","2022","2022","t","36880000","X","Figure from external organization","Unofficial figure"
"QCL","Crops and livestock products","356","India","5312","Area harvested","0113","Rice","2022","2022","ha","47832000","A","Official figure",""
"QCL","Crops and livestock products","356","India","5412","Yield","0113","Rice","2022","2022","kg/ha","4257.1","A","Official figure",""
"QCL","Crops and livestock products","356","India","5510","Production","0113","Rice","2022","2022","t","203624000","A","Official figure",""
"QCL","Crops and livestock products","356","India","5312","Area harvested","0113","Rice","2023","2023","ha","47828000","A","Official figure",""
"QCL","Crops and livestock products","356","India","5412","Yield","0113","Rice","2023","2023","kg/ha","4322.3","A","Official figure",""
"QCL","Crops and livestock products","356","India","5510","Production","0113","Rice","2023","2023","t","206727000","A","Official figure",""
"QCL","Crops and livestock products","356","India","5312","Area harvested","01446","Safflower seed","2022","2022","ha","78860","A","Official figure",""
"QCL","Crops and livestock products","356","India","5412","Yield","01446","Safflower seed","2022","2022","kg/ha","776.9","A","Official figure",""
"QCL","Crops and livestock products","356","India","5510","Production","01446","Safflower seed","2022","2022","t","61270","A","Official figure",""
"QCL","Crops and livestock products","356","India","5312","Area harvested","01446","Safflower seed","2023","2023","ha","108927","A","Official figure",""
"QCL","Crops and livestock products","356","India","5412","Yield","01446","Safflower seed","2023","2023","kg/ha","826.3","A","Official figure",""
"QCL","Crops and livestock products","356","India","5510","Production","01446","Safflower seed","2023","2023","t","90002.46","A","Official figure",""
"QCL","Crops and livestock products","356","India","5510","Production","21631.02","Safflower-seed oil, crude","2022","2022","t","16000","A","Official figure",""
"QCL","Crops and livestock products","356","India","5312","Area harvested","01921.01","Seed cotton, unginned","2022","2022","ha","12371520","A","Official figure",""
"QCL","Crops and livestock products","356","India","5412","Yield","01921.01","Seed cotton, unginned","2022","2022","kg/ha","1212.5","E","Estimated value",""
"QCL","Crops and livestock products","356","India","5510","Production","01921.01","Seed cotton, unginned","2022","2022","t","15000000","E","Estimated value",""
"QCL","Crops and livestock products","356","India","5312","Area harvested","01921.01","Seed cotton, unginned","2023","2023","ha","12926801","A","Official figure",""
"QCL","Crops and livestock products","356","India","5412","Yield","01921.01","Seed cotton, unginned","2023","2023","kg/ha","1268.7","E","Estimated value",""
"QCL","Crops and livestock products","356","India","5510","Production","01921.01","Seed cotton, unginned","2023","2023","t","16400000","E","Estimated value",""
"QCL","Crops and livestock products","356","India","5312","Area harvested","01444","Sesame seed","2022","2022","ha","1627040","A","Official figure",""
"QCL","Crops and livestock products","356","India","5412","Yield","01444","Sesame seed","2022","2022","kg/ha","484.8","A","Official figure",""
"QCL","Crops and livestock products","356","India","5510","Production","01444","Sesame seed","2022","2022","t","788740","A","Official figure",""
"QCL","Crops and livestock products","356","India","5312","Area harvested","01444","Sesame seed","2023","2023","ha","1523064","A","Official figure",""
"QCL","Crops and livestock products","356","India","5412","Yield","01444","Sesame seed","2023","2023","kg/ha","526.7","A","Official figure",""
"QCL","Crops and livestock products","356","India","5510","Production","01444","Sesame seed","2023","2023","t","802138.08","A","Official figure",""
"QCL","Crops and livestock products","356","India","5312","Area harvested","0114","Sorghum","2022","2022","ha","3800810","A","Official figure",""
"QCL","Crops and livestock products","356","India","5412","Yield","0114","Sorghum","2022","2022","kg/ha","1092","A","Official figure",""
"QCL","Crops and livestock products","356","India","5510","Production","0114","Sorghum","2022","2022","t","4150570","A","Official figure",""
"QCL","Crops and livestock products","356","India","5312","Area harvested","0114","Sorghum","2023","2023","ha","3534721","A","Official figure",""
"QCL","Crops and livestock products","356","India","5412","Yield","0114","Sorghum","2023","2023","kg/ha","1079.1","A","Official figure",""
"QCL","Crops and livestock products","356","India","5510","Production","0114","Sorghum","2023","2023","t","3814176.4","A","Official figure",""
"QCL","Crops and livestock products","356","India","5510","Production","2161","Soya bean oil","2022","2022","t","1477400","X","Figure from external organization","Unofficial figure"
"QCL","Crops and livestock products","356","India","5312","Area harvested","0141","Soya beans","2022","2022","ha","12146580","A","Official figure",""
"QCL","Crops and livestock products","356","India","5412","Yield","0141","Soya beans","2022","2022","kg/ha","1069.2","A","Official figure",""
"QCL","Crops and livestock products","356","India","5510","Production","0141","Soya beans","2022","2022","t","12986720","A","Official figure",""
"QCL","Crops and livestock products","356","India","5312","Area harvested","0141","Soya beans","2023","2023","ha","13084089","A","Official figure",""
"QCL","Crops and livestock products","356","India","5412","Yield","0141","Soya beans","2023","2023","kg/ha","1145.3","A","Official figure",""
"QCL","Crops and livestock products","356","India","5510","Production","0141","Soya beans","2023","2023","t","14984927.37","A","Official figure",""
"QCL","Crops and livestock products","356","India","5312","Area harvested","01802","Sugar cane","2022","2022","ha","5175410","A","Official figure",""
"QCL","Crops and livestock products","356","India","5412","Yield","01802","Sugar cane","2022","2022","kg/ha","84906.3","A","Official figure",""
"QCL","Crops and livestock products","356","India","5510","Production","01802","Sugar cane","2022","2022","t","439424890","A","Official figure",""
"QCL","Crops and livestock products","356","India","5312","Area harvested","01802","Sugar cane","2023","2023","ha","5885317","A","Official figure",""
"QCL","Crops and livestock products","356","India","5412","Yield","01802","Sugar cane","2023","2023","kg/ha","83348.7","A","Official figure",""
"QCL","Crops and livestock products","356","India","5510","Production","01802","Sugar cane","2023","2023","t","490533351.06","A","Official figure",""
"QCL","Crops and livestock products","356","India","5312","Area harvested","01445","Sunflower seed","2022","2022","ha","271140","A","Official figure",""
"QCL","Crops and livestock products","356","India","5412","Yield","01445","Sunflower seed","2022","2022","kg/ha","922.7","A","Official figure",""
"QCL","Crops and livestock products","356","India","5510","Production","01445","Sunflower seed","2022","2022","t","250180","A","Official figure",""
"QCL","Crops and livestock products","356","India","5312","Area harvested","01445","Sunflower seed","2023","2023","ha","364450","A","Official figure",""
"QCL","Crops and livestock products","356","India","5412","Yield","01445","Sunflower seed","2023","2023","kg/ha","996.4","A","Official figure",""
"QCL","Crops and livestock products","356","India","5510","Production","01445","Sunflower seed","2023","2023","t","363136.91","A","Official figure",""
"QCL","Crops and livestock products","356","India","5510","Production","21631.01","Sunflower-seed oil, crude","2022","2022","t","83000","X","Figure from external organization","Unofficial figure"
"QCL","Crops and livestock products","356","India","5312","Area harvested","01530","Sweet potatoes","2022","2022","ha","107000","A","Official figure",""
"QCL","Crops and livestock products","356","India","5412","Yield","01530","Sweet potatoes","2022","2022","kg/ha","11065.4","A","Official figure",""
"QCL","Crops and livestock products","356","India","5510","Production","01530","Sweet potatoes","2022","2022","t","1184000","A","Official figure",""
"QCL","Crops and livestock products","356","India","5312","Area harvested","01530","Sweet potatoes","2023","2023","ha","110000","A","Official figure",""
"QCL","Crops and livestock products","356","India","5412","Yield","01530","Sweet potatoes","2023","2023","kg/ha","11718.2","A","Official figure",""
"QCL","Crops and livestock products","356","India","5510","Production","01530","Sweet potatoes","2023","2023","t","1289000","A","Official figure",""
"QCL","Crops and livestock products","356","India","5312","Area harvested","01324","Tangerines, mandarins, clementines","2022","2022","ha","454000","A","Official figure",""
"QCL","Crops and livestock products","356","India","5412","Yield","01324","Tangerines, mandarins, clementines","2022","2022","kg/ha","13883.3","A","Official figure",""
"QCL","Crops and livestock products","356","India","5510","Production","01324","Tangerines, mandarins, clementines","2022","2022","t","6303000","A","Official figure",""
"QCL","Crops and livestock products","356","India","5312","Area harvested","01324","Tangerines, mandarins, clementines","2023","2023","ha","460000","A","Official figure",""
"QCL","Crops and livestock products","356","India","5412","Yield","01324","Tangerines, mandarins, clementines","2023","2023","kg/ha","13430.4","A","Official figure",""
"QCL","Crops and livestock products","356","India","5510","Production","01324","Tangerines, mandarins, clementines","2023","2023","t","6178000","A","Official figure",""
"QCL","Crops and livestock products","356","India","5312","Area harvested","01620","Tea leaves","2022","2022","ha","616637","I","Value imputed by a receiving agency",""
"QCL","Crops and livestock products","356","India","5412","Yield","01620","Tea leaves","2022","2022","kg/ha","10101.1","E","Estimated value",""
"QCL","Crops and livestock products","356","India","5510","Production","01620","Tea leaves","2022","2022","t","6228720","E","Estimated value",""
"QCL","Crops and livestock products","356","India","5312","Area harvested","01620","Tea leaves","2023","2023","ha","618824","I","Value imputed by a receiving agency",""
"QCL","Crops and livestock products","356","India","5412","Yield","01620","Tea leaves","2023","2023","kg/ha","10250.4","E","Estimated value",""
"QCL","Crops and livestock products","356","India","5510","Production","01620","Tea leaves","2023","2023","t","6343165.25","I","Value imputed by a receiving agency",""
"QCL","Crops and livestock products","356","India","5312","Area harvested","01234","Tomatoes","2022","2022","ha","843000","A","Official figure",""
"QCL","Crops and livestock products","356","India","5412","Yield","01234","Tomatoes","2022","2022","kg/ha","24548","A","Official figure",""
"QCL","Crops and livestock products","356","India","5510","Production","01234","Tomatoes","2022","2022","t","20694000","A","Official figure",""
"QCL","Crops and livestock products","356","India","5312","Area harvested","01234","Tomatoes","2023","2023","ha","849000","A","Official figure",""
"QCL","Crops and livestock products","356","India","5412","Yield","01234","Tomatoes","2023","2023","kg/ha","24057.7","A","Official figure",""
"QCL","Crops and livestock products","356","India","5510","Production","01234","Tomatoes","2023","2023","t","20425000","A","Official figure",""
"QCL","Crops and livestock products","356","India","5312","Area harvested","01929.02","True hemp, raw or retted","2022","2022","ha","","M","Missing value; data cannot exist",""
"QCL","Crops and livestock products","356","India","5510","Production","01929.02","True hemp, raw or retted","2022","2022","t","","M","Missing value; data cannot exist",""
"QCL","Crops and livestock products","356","India","5312","Area harvested","01929.02","True hemp, raw or retted","2023","2023","ha","","M","Missing value; data cannot exist",""
"QCL","Crops and livestock products","356","India","5510","Production","01929.02","True hemp, raw or retted","2023","2023","t","","M","Missing value; data cannot exist",""
"QCL","Crops and livestock products","356","India","5312","Area harvested","01970","Unmanufactured tobacco","2022","2022","ha","422377","I","Value imputed by a receiving agency",""
"QCL","Crops and livestock products","356","India","5412","Yield","01970","Unmanufactured tobacco","2022","2022","kg/ha","1808.5","E","Estimated value",""
"QCL","Crops and livestock products","356","India","5510","Production","01970","Unmanufactured tobacco","2022","2022","t","763888.03","I","Value imputed by a receiving agency",""
"QCL","Crops and livestock products","356","India","5312","Area harvested","01970","Unmanufactured tobacco","2023","2023","ha","422115","I","Value imputed by a receiving agency",""
"QCL","Crops and livestock products","356","India","5412","Yield","01970","Unmanufactured tobacco","2023","2023","kg/ha","1823.4","E","Estimated value",""
"QCL","Crops and livestock products","356","India","5510","Production","01970","Unmanufactured tobacco","2023","2023","t","769671.49","I","Value imputed by a receiving agency",""
"QCL","Crops and livestock products","356","India","5312","Area harvested","01376","Walnuts, in shell","2022","2022","ha","","M","Missing value; data cannot exist",""
"QCL","Crops and livestock products","356","India","5510","Production","01376","Walnuts, in shell","2022","2022","t","","M","Missing value; data cannot exist",""
"QCL","Crops and livestock products","356","India","5312","Area harvested","01376","Walnuts, in shell","2023","2023","ha","","M","Missing value; data cannot exist",""
"QCL","Crops and livestock products","356","India","5510","Production","01376","Walnuts, in shell","2023","2023","t","","M","Missing value; data cannot exist",""
"QCL","Crops and livestock products","356","India","5312","Area harvested","01221","Watermelons","2022","2022","ha","120000","A","Official figure",""
"QCL","Crops and livestock products","356","India","5412","Yield","01221","Watermelons","2022","2022","kg/ha","27566.7","A","Official figure",""
"QCL","Crops and livestock products","356","India","5510","Production","01221","Watermelons","2022","2022","t","3308000","A","Official figure",""
"QCL","Crops and livestock products","356","India","5312","Area harvested","01221","Watermelons","2023","2023","ha","126000","A","Official figure",""
"QCL","Crops and livestock products","356","India","5412","Yield","01221","Watermelons","2023","2023","kg/ha","28777.8","A","Official figure",""
"QCL","Crops and livestock products","356","India","5510","Production","01221","Watermelons","2023","2023","t","3626000","A","Official figure",""
"QCL","Crops and livestock products","356","India","5312","Area harvested","0111","Wheat","2022","2022","ha","30458530","A","Official figure",""
"QCL","Crops and livestock products","356","India","5412","Yield","0111","Wheat","2022","2022","kg/ha","3537.3","A","Official figure",""
"QCL","Crops and livestock products","356","India","5510","Production","0111","Wheat","2022","2022","t","107742070","A","Official figure",""
"QCL","Crops and livestock products","356","India","5312","Area harvested","0111","Wheat","2023","2023","ha","31400716","A","Official figure",""
"QCL","Crops and livestock products","356","India","5412","Yield","0111","Wheat","2023","2023","kg/ha","3520.7","A","Official figure",""
"QCL","Crops and livestock products","356","India","5510","Production","0111","Wheat","2023","2023","t","110553675.31","A","Official figure",""
